sample_id,file_path,language,structure,loc_total,loc_spec,loc_code,is_in_benchmark
S0001,c/Arithmetic/args.c,c,Arithmetic,15,7,8,True
S0002,c/Arithmetic/char.c,c,Arithmetic,8,4,4,True
S0003,c/Arithmetic/decreases.c,c,Arithmetic,25,18,7,True
S0004,c/Arithmetic/enums.c,c,Arithmetic,23,8,15,True
S0005,c/Arithmetic/ghost_field.c,c,Arithmetic,17,6,11,True
S0006,c/Arithmetic/limits.c,c,Arithmetic,8,3,5,True
S0007,c/Arithmetic/short.c,c,Arithmetic,21,2,19,True
S0008,c/Arithmetic/typedef_cast.c,c,Arithmetic,18,4,14,True
S0009,c/Arithmetic/typedefs.c,c,Arithmetic,12,2,10,True
S0010,c/Arithmetic/wf_func2.c,c,Arithmetic,22,11,11,True
S0011,c/Arrays/array_of_struct.c,c,Arrays,69,31,38,True
S0012,c/Arrays/cp.c,c,Arrays,30,8,22,True
S0013,c/Arrays/static_array.c,c,Arrays,173,61,112,True
S0014,c/Arrays/wc.c,c,Arrays,108,62,46,True
S0015,c/Linklist/arraylist.c,c,Linklist,113,36,77,True
S0016,c/Linklist/doubly_linked_list.c,c,Linklist,131,99,32,True
S0017,c/Linklist/equalsmap.c,c,Linklist,219,143,76,True
S0018,c/Linklist/goto.c,c,Linklist,77,19,58,True
S0019,c/Linklist/insertion_sort.c,c,Linklist,244,184,60,True
S0020,c/Linklist/iter.c,c,Linklist,398,222,176,True
S0021,c/Linklist/iter_with_auto.c,c,Linklist,357,181,176,True
S0022,c/Linklist/map.c,c,Linklist,122,52,70,True
S0023,c/Linklist/set.c,c,Linklist,104,46,58,True
S0024,c/Stack/filter.c,c,Stack,145,50,95,True
S0025,c/Stack/values.c,c,Stack,65,26,39,True
S0026,c/Struct/account.c,c,Struct,38,8,30,True
S0027,c/Struct/counter_with_pred.c,c,Struct,68,28,40,True
S0028,c/Struct/counter_with_pred_auto.c,c,Struct,57,17,40,True
S0029,c/Struct/deposit.c,c,Struct,55,13,42,True
S0030,c/Struct/pred.c,c,Struct,78,27,51,True
S0031,c/Struct/spouse.c,c,Struct,105,58,47,True
S0032,c/Struct/stringBuffers.c,c,Struct,250,103,147,True
S0033,c/Struct/struct_assignment.c,c,Struct,113,45,68,True
S0034,c/Struct/struct_fields.c,c,Struct,122,7,115,True
S0035,c/Struct/swap.c,c,Struct,34,7,27,True
S0036,c/tree/Composite.c,c,Tree,852,763,89,True
S0037,c/tree/composite4.c,c,Tree,435,316,119,True
S0038,c/tree/schorr_waite.c,c,Tree,55,20,35,True
S0039,c/tree/sorted_bintree.c,c,Tree,504,350,154,True
S0040,java/Arithmetic/abs.java,java,Arithmetic,11,2,9,True
S0041,java/Arithmetic/abs_except.java,java,Arithmetic,16,2,14,True
S0042,java/Arithmetic/abs_static.java,java,Arithmetic,13,2,11,True
S0043,java/Arithmetic/abs_trunc.java,java,Arithmetic,13,3,10,True
S0044,java/Arithmetic/min.java,java,Arithmetic,14,6,8,True
S0045,java/Arithmetic/purse.java,java,Arithmetic,27,7,20,True
S0046,java/Arithmetic/transaction.java,java,Arithmetic,31,9,22,True
S0047,java/Arrays/Addressbook.java,java,Arrays,578,168,410,True
S0048,java/Arrays/ArraysAuto.java,java,Arrays,17,5,12,True
S0049,java/Arrays/Bag.java,java,Arrays,132,106,26,True
S0050,java/Arrays/CoincidenceCount.java,java,Arrays,96,69,27,True
S0051,java/Arrays/DoWhile.java,java,Arrays,20,3,17,True
S0052,java/Arrays/Echo.java,java,Arrays,44,8,36,True
S0053,java/Arrays/GenericClass.java,java,Arrays,77,10,67,True
S0054,java/Arrays/Iterator.java,java,Arrays,10,5,5,True
S0055,java/Arrays/JavaCard.java,java,Arrays,97,41,56,True
S0056,java/Arrays/Store.java,java,Arrays,71,19,52,True
S0057,java/Arrays/Varargs_desugared.java,java,Arrays,19,5,14,True
S0058,java/Arrays/add.java,java,Arrays,36,17,19,True
S0059,java/Arrays/arraylist.java,java,Arrays,50,16,34,True
S0060,java/Arrays/bankAdd.java,java,Arrays,51,27,24,True
S0061,java/Arrays/bankRetrieve.java,java,Arrays,43,24,19,True
S0062,java/Arrays/leftpad.java,java,Arrays,41,18,23,True
S0063,java/Arrays/rotate.java,java,Arrays,16,3,13,True
S0064,java/Linklist/Member.java,java,Linklist,42,29,13,True
S0065,java/Linklist/Member_2.java,java,Linklist,42,29,13,True
S0066,java/Linklist/Spouse.java,java,Linklist,81,41,40,True
S0067,java/Linklist/SpouseFinal.java,java,Linklist,75,37,38,True
S0068,java/Other/AbstractClasses.java,java,Other,28,10,18,True
S0069,java/Other/Automation.java,java,Other,54,21,33,True
S0070,java/Other/Constants.java,java,Other,65,18,47,True
S0071,java/Other/Downcast.java,java,Other,104,62,42,True
S0072,java/Other/DowncastInfo.java,java,Other,108,65,43,True
S0073,java/Other/EWalletInterface.java,java,Other,10,4,6,True
S0074,java/Other/FieldInitializers.java,java,Other,31,8,23,True
S0075,java/Other/HelloWorld.java,java,Other,9,2,7,True
S0076,java/Other/IEPurseServicesCredit.java,java,Other,10,4,6,True
S0077,java/Other/IEPurseServicesDebit.java,java,Other,7,3,4,True
S0078,java/Other/Inter.java,java,Other,6,2,4,True
S0079,java/Other/Inter_2.java,java,Other,6,2,4,True
S0080,java/Other/InterfaceLemmas.java,java,Other,67,36,31,True
S0081,java/Other/Iterator.java,java,Other,83,34,49,True
S0082,java/Other/LocalClass_desugared.java,java,Other,37,12,25,True
S0083,java/Other/MemberClass_desugared.java,java,Other,44,13,31,True
S0084,java/Other/NoOverrideNoUsage.java,java,Other,29,6,23,True
S0085,java/Other/NoOverrideSpecfileNoExport.java,java,Other,29,6,23,True
S0086,java/Other/OverrideTargetParam.java,java,Other,32,10,22,True
S0087,java/Other/SimpleTermination.java,java,Other,56,22,34,True
S0088,java/Other/Spouse2.java,java,Other,142,75,67,True
S0089,java/Other/StaticMemberClass_desugared.java,java,Other,57,18,39,True
S0090,java/Other/StringLiterals.java,java,Other,40,13,27,True
S0091,java/Other/Subpackage.java,java,Other,17,10,7,True
S0092,java/Other/SuperCalls.java,java,Other,27,12,15,True
S0093,java/Other/SuperConstructorCall.java,java,Other,21,4,17,True
S0094,java/Other/ThreadRun.java,java,Other,67,27,40,True
S0095,java/Other/instanceof_1.java,java,Other,64,22,42,True
S0096,java/Stack/Stack_2.java,java,Stack,60,25,35,True
S0097,java/Stack/stack.java,java,Stack,65,30,35,True
S0098,java/Tree/EidCard-with-auto.java,java,Tree,2727,825,1902,True
S0099,java/Tree/Tree.java,java,Tree,479,334,145,True
S0100,rust/Arrays/bytes.rs,rust,Arrays,73,26,47,True
S0101,rust/Arrays/bytes_loop.rs,rust,Arrays,97,46,51,True
S0102,rust/Arrays/copy_nonoverlapping.rs,rust,Arrays,38,14,24,True
S0103,rust/Arrays/tuerk.rs,rust,Arrays,69,24,45,True
S0104,rust/Stack/byref.rs,rust,Stack,141,59,82,True
S0105,rust/Stack/dispose.rs,rust,Stack,108,41,67,True
S0106,rust/Stack/dispose_1.rs,rust,Stack,31,6,25,True
S0107,rust/Stack/filter.rs,rust,Stack,147,58,89,True
S0108,rust/Stack/fixpoints.rs,rust,Stack,101,48,53,True
S0109,rust/Stack/foreach.rs,rust,Stack,178,63,115,True
S0110,rust/Stack/generics.rs,rust,Stack,149,54,95,True
S0111,rust/Stack/map.rs,rust,Stack,147,61,86,True
S0112,rust/Stack/popn.rs,rust,Stack,145,52,93,True
S0113,rust/Stack/predctors.rs,rust,Stack,185,67,118,True
S0114,rust/Stack/push_all.rs,rust,Stack,203,120,83,True
S0115,rust/Stack/push_all_1.rs,rust,Stack,53,35,18,True
S0116,rust/Stack/reverse.rs,rust,Stack,162,94,68,True
S0117,rust/Stack/stack.rs,rust,Stack,90,37,53,True
S0118,rust/Stack/stack_tuerk.rs,rust,Stack,51,27,24,True
S0119,rust/Stack/stack_tuerk_1.rs,rust,Stack,25,12,13,True
S0120,rust/Stack/sum.rs,rust,Stack,128,47,81,True
S0121,rust/Stack/sum_1.rs,rust,Stack,24,8,16,True
S0122,rust/Stack/sum_full.rs,rust,Stack,131,63,68,True
S0123,rust/Stack/sum_full_1.rs,rust,Stack,32,16,16,True
S0124,rust/Stack/values.rs,rust,Stack,64,27,37,True
S0125,rust/Stack/values_1.rs,rust,Stack,61,27,34,True
S0126,rust/Struct/account.rs,rust,Struct,40,8,32,True
S0127,rust/Struct/account_1.rs,rust,Struct,40,8,32,True
S0128,rust/Struct/account_unwind.rs,rust,Struct,38,8,30,True
S0129,rust/Struct/byref_1.rs,rust,Struct,27,4,23,True
S0130,rust/Struct/deposit.rs,rust,Struct,56,13,43,True
S0131,rust/Struct/deposit_unwind.rs,rust,Struct,56,14,42,True
S0132,rust/Struct/leaks.rs,rust,Struct,158,57,101,True
S0133,rust/Struct/leaks_1.rs,rust,Struct,126,42,84,True
S0134,rust/Struct/limit.rs,rust,Struct,70,14,56,True
S0135,rust/Struct/limit_unwind.rs,rust,Struct,65,14,51,True
S0136,rust/Struct/mutexes.rs,rust,Struct,122,45,77,True
S0137,rust/Struct/mutexes_native.rs,rust,Struct,109,50,59,True
S0138,rust/Struct/pred.rs,rust,Struct,88,30,58,True
S0139,rust/Struct/pred_unwind.rs,rust,Struct,87,29,58,True
S0140,rust/Tree/fractions.rs,rust,Tree,175,75,100,True
S0141,rust/Tree/fractions_1.rs,rust,Tree,62,30,32,True
S0142,rust/Tree/precise.rs,rust,Tree,178,69,109,True
S0143,rust/Tree/precise_platform.rs,rust,Tree,180,63,117,True
S0144,rust/Tree/threads.rs,rust,Tree,154,62,92,True
S0145,rust/Tree/threads0.rs,rust,Tree,97,28,69,True
S0146,rust/other/mutexes_1.rs,rust,Other,120,43,77,True
S0147,rust/other/reverse_1.rs,rust,Other,32,14,18,True
S0148,rust/other/xor_1.rs,rust,Other,90,32,58,True
